INSERT INTO tnpw_eam.dbo.address__address (id, zip, street, city, state) VALUES (1, 51202, 'Drakova 1', 'Hradec Králové', 'Czech Republic');
INSERT INTO tnpw_eam.dbo.address__address (id, zip, street, city, state) VALUES (2, 51200, 'K Zahradě 5', 'Hradec Králové', 'CR');
INSERT INTO tnpw_eam.dbo.address__address (id, zip, street, city, state) VALUES (3, 51200, 'K Zahradě 5', 'Hradec Králové', 'CR');
INSERT INTO tnpw_eam.dbo.address__address (id, zip, street, city, state) VALUES (4, 51200, 'K Zahradě 5', 'Hradec Králové', 'CR');
INSERT INTO tnpw_eam.dbo.address__address (id, zip, street, city, state) VALUES (5, 51200, 'K Zahradě 5', 'Hradec Králové', 'CR');
INSERT INTO tnpw_eam.dbo.address__address (id, zip, street, city, state) VALUES (6, 51200, 'K Zahradě 5', 'Hradec Králové', 'CR');
INSERT INTO tnpw_eam.dbo.address__address (id, zip, street, city, state) VALUES (1006, 51200, 'K Lopatě', 'Hradec Králové', 'CR');
INSERT INTO tnpw_eam.dbo.address__address (id, zip, street, city, state) VALUES (1008, 51200, 'K Zahradě 5', 'Hradec Králové', 'CR');
INSERT INTO tnpw_eam.dbo.address__address (id, zip, street, city, state) VALUES (2002, 51200, 'K Zahradě 5', 'Hradec Králové', 'CR');
INSERT INTO tnpw_eam.dbo.address__address (id, zip, street, city, state) VALUES (2003, 51200, 'K Zahradě 12', 'Hradec Králové', 'CR');
INSERT INTO tnpw_eam.dbo.address__address (id, zip, street, city, state) VALUES (2004, 51200, 'K Zahradě 5', 'Hradec Králové', 'CR');
INSERT INTO tnpw_eam.dbo.address__address (id, zip, street, city, state) VALUES (2005, 51200, 'K Zahradě 12', 'Hradec Králové', 'CR');
INSERT INTO tnpw_eam.dbo.address__address (id, zip, street, city, state) VALUES (2011, 51200, 'K Lopatě', 'Hradec Králové', 'CR');
INSERT INTO tnpw_eam.dbo.address__address (id, zip, street, city, state) VALUES (2012, 51200, 'K Lopatě', 'Hradec Králové', 'CR');
INSERT INTO tnpw_eam.dbo.address__address (id, zip, street, city, state) VALUES (2013, 512000, 'K Lopatě', 'Hradec Králové', 'CR');
INSERT INTO tnpw_eam.dbo.address__address (id, zip, street, city, state) VALUES (2014, 512000, 'K Lopatě', 'Hradec Králové', 'CR');
INSERT INTO tnpw_eam.dbo.address__address (id, zip, street, city, state) VALUES (2015, 512000, 'K Lopatě', 'Hradec Králové', 'CR');
INSERT INTO tnpw_eam.dbo.address__address (id, zip, street, city, state) VALUES (2016, 512000, 'K Lopatě', 'Hradec Králové', 'CR');
INSERT INTO tnpw_eam.dbo.address__address (id, zip, street, city, state) VALUES (2017, 512000, 'K Lopatě', 'Hradec Králové', 'CR');
INSERT INTO tnpw_eam.dbo.address__address (id, zip, street, city, state) VALUES (2018, 512000, 'K Lopatě', 'Hradec Králové', 'CR');
INSERT INTO tnpw_eam.dbo.address__address (id, zip, street, city, state) VALUES (2019, 512000, 'K Lopatě', 'Hradec Králové', 'CR');
INSERT INTO tnpw_eam.dbo.address__address (id, zip, street, city, state) VALUES (2020, 512000, 'K Lopatě', 'Hradec Králové', 'CR');
INSERT INTO tnpw_eam.dbo.address__address (id, zip, street, city, state) VALUES (2021, 512000, 'K Lopatě', 'Hradec Králové', 'CR');
INSERT INTO tnpw_eam.dbo.address__address (id, zip, street, city, state) VALUES (2022, 512000, 'K Lopatě', 'Hradec Královée', 'CR');
INSERT INTO tnpw_eam.dbo.address__address (id, zip, street, city, state) VALUES (2023, 512000, 'K Lopatě', 'Hradec Královée', 'CR');
INSERT INTO tnpw_eam.dbo.address__address (id, zip, street, city, state) VALUES (2024, 51200, 'K Zahradě 5', 'Hradec Králové', 'CR');
INSERT INTO tnpw_eam.dbo.address__address (id, zip, street, city, state) VALUES (2025, 51200, 'K Zahradě 5', 'Hradec Králové', 'CR');
INSERT INTO tnpw_eam.dbo.address__address (id, zip, street, city, state) VALUES (2026, 51200, 'K Zahradě 5', 'Hradec Králové', 'CR');
INSERT INTO tnpw_eam.dbo.address__address (id, zip, street, city, state) VALUES (2027, 51200, 'K Zahradě 5', 'Hradec Králové', 'CR');
INSERT INTO tnpw_eam.dbo.address__address (id, zip, street, city, state) VALUES (2028, 51200, 'K Zahradě 5', 'Hradec Králové', 'CR');
INSERT INTO tnpw_eam.dbo.address__address (id, zip, street, city, state) VALUES (2029, 51200, 'K Zahradě 5', 'Hradec Králové', 'CR');
INSERT INTO tnpw_eam.dbo.address__address (id, zip, street, city, state) VALUES (2030, 51200, 'K Zahradě 5', 'Hradec Králové', 'CR');
INSERT INTO tnpw_eam.dbo.controls__category (id, title, description, deletable) VALUES (1, 'Nekategorizováno', 'Kontrola není nijak kategorizovaná', 0);
INSERT INTO tnpw_eam.dbo.controls__category (id, title, description, deletable) VALUES (3, 'Povinná záruční kontrola', 'Kontrola podmíněná záručními podmínkami', 1);
INSERT INTO tnpw_eam.dbo.controls__category (id, title, description, deletable) VALUES (4, 'Preventivní kontrola', 'Preventivní kontrola (náhodná)', 1);
INSERT INTO tnpw_eam.dbo.controls__control (id, title, description, date_performed, date_planned, user_to_perform_id, equipment_id, user_performed_id, user_planned_id, priority, status_id, category_id) VALUES (1, 'Kontrola kotel pro zaruku', 'gfgdf', null, '2019-04-18 00:00:00.000', 3003, 5, null, null, null, 5, null);
INSERT INTO tnpw_eam.dbo.controls__control (id, title, description, date_performed, date_planned, user_to_perform_id, equipment_id, user_performed_id, user_planned_id, priority, status_id, category_id) VALUES (2, 'Kontrola integrity', 'kk', null, '2019-03-15 00:00:00.000', 1, null, null, null, null, 2, null);
INSERT INTO tnpw_eam.dbo.controls__status (id, title, description, deletable) VALUES (1, 'Nekategorizováno', 'Kontrola není nijak kategorizovaná', 0);
INSERT INTO tnpw_eam.dbo.controls__status (id, title, description, deletable) VALUES (2, 'Naplánováno', 'Kontrola je naplánována', 0);
INSERT INTO tnpw_eam.dbo.controls__status (id, title, description, deletable) VALUES (3, 'Právě prováděno', 'Kontrola se právě provádí (horizont jednoho až tří dnů)', 1);
INSERT INTO tnpw_eam.dbo.controls__status (id, title, description, deletable) VALUES (4, 'Provedeno', 'Kontrola byla provedena', 1);
INSERT INTO tnpw_eam.dbo.controls__status (id, title, description, deletable) VALUES (5, 'Archivováno', 'Záznam o kontrole byl archivován', 0);
INSERT INTO tnpw_eam.dbo.environments__category (id, title, description, deletable) VALUES (1, 'Nekategorizováno', 'Prostředí není nijak kategorizovano', 0);
INSERT INTO tnpw_eam.dbo.environments__category (id, title, description, deletable) VALUES (2, 'Budova', 'Klasická budova;jj;;', 1);
INSERT INTO tnpw_eam.dbo.environments__category (id, title, description, deletable) VALUES (3, 'Exteriér', 'Exteriér (pozemek)', 1);
INSERT INTO tnpw_eam.dbo.environments__category (id, title, description, deletable) VALUES (4, 'Sportoviště', 'Prostředí sportoviště', 1);
INSERT INTO tnpw_eam.dbo.environments__environment (id, name, description, bussiness_id, address_id, category_id, code) VALUES (2, 'Skladiště 1234', '12456', null, 2023, 2, '1C');
INSERT INTO tnpw_eam.dbo.environments__environment (id, name, description, bussiness_id, address_id, category_id, code) VALUES (4, 'Výrobní hala 2', 'gfds', null, 1008, 2, 'gfds');
INSERT INTO tnpw_eam.dbo.environments__environment (id, name, description, bussiness_id, address_id, category_id, code) VALUES (1009, 'Filozofická fakulta', 'Pro filosofy', null, 2030, 2, '123');
INSERT INTO tnpw_eam.dbo.equipments__category (id, title, description, deletable) VALUES (3, 'Nekategorizováno', 'Vybavení není nijak kategorizovano', 0);
INSERT INTO tnpw_eam.dbo.equipments__category (id, title, description, deletable) VALUES (4, 'Elektronika', 'Elektronické vybavení', 1);
INSERT INTO tnpw_eam.dbo.equipments__category (id, title, description, deletable) VALUES (5, 'Nábytek', 'Obecně všechno (židle, stoly)', 1);
INSERT INTO tnpw_eam.dbo.equipments__category (id, title, description, deletable) VALUES (6, 'Dekoracee', 'Dekorace', 1);
INSERT INTO tnpw_eam.dbo.equipments__category (id, title, description, deletable) VALUES (7, 'Osvětlení', 'Světla na chodbách a jiné', 1);
INSERT INTO tnpw_eam.dbo.equipments__category (id, title, description, deletable) VALUES (8, 'Krytiny', 'Koberce, parkety atd.', 1);
INSERT INTO tnpw_eam.dbo.equipments__category (id, title, description, deletable) VALUES (9, 'Rozvody', 'Technické věci kolem rozvodů vody, elektroniky a plynu', 1);
INSERT INTO tnpw_eam.dbo.equipments__category (id, title, description, deletable) VALUES (10, 'Vodovodní zařízení', 'Technické věci kolem distribuce vody', 1);
INSERT INTO tnpw_eam.dbo.equipments__category (id, title, description, deletable) VALUES (11, 'Sanitární zařízení', 'WC, umyvadla ...', 1);
INSERT INTO tnpw_eam.dbo.equipments__category (id, title, description, deletable) VALUES (12, 'Topná zařízení', 'Kotle, rozvody plynu...', 1);
INSERT INTO tnpw_eam.dbo.equipments__category (id, title, description, deletable) VALUES (13, 'Okna a dveře', 'Okna a dveře', 1);
INSERT INTO tnpw_eam.dbo.equipments__equipment (id, title, description, purchased, warranty, status_id, room_id, category_id, code) VALUES (5, 'Kotel', 'fdfd', '2019-03-13 00:00:00.000', '2019-03-27 00:00:00.000', 1, 5, 3, 'fdf');
INSERT INTO tnpw_eam.dbo.equipments__equipment (id, title, description, purchased, warranty, status_id, room_id, category_id, code) VALUES (6, 'PC-2', 'Pc nainstalovany windows', '2019-03-21 00:00:00.000', '2019-03-23 00:00:00.000', 2, 1005, 4, '123');
INSERT INTO tnpw_eam.dbo.equipments__status (id, title, description, deletable) VALUES (1, 'Nekategorizováno', 'Stav není nijak kategorizovan', 0);
INSERT INTO tnpw_eam.dbo.equipments__status (id, title, description, deletable) VALUES (2, 'Funkční', 'Zařízení je plně funkční', 0);
INSERT INTO tnpw_eam.dbo.equipments__status (id, title, description, deletable) VALUES (3, 'Rozbité (problém se řeší)', 'Zařízení je rozbité a jeho napravení je aktuálně přiděleno nějakému opraváři', 0);
INSERT INTO tnpw_eam.dbo.equipments__status (id, title, description, deletable) VALUES (4, 'Rozbité (problém se zatím neřeší)', 'Zařízení je rozbité, ale zatím se k tomu nikdo nedostal', 0);
INSERT INTO tnpw_eam.dbo.equipments__status (id, title, description, deletable) VALUES (5, 'Uskladněno', 'Vybavení se nepoužívá a je uskladněno', 1);
INSERT INTO tnpw_eam.dbo.rooms__category (id, title, description, deletable) VALUES (1, 'Nekategorizováno', 'Místnost není nijak kategorizovana', 0);
INSERT INTO tnpw_eam.dbo.rooms__category (id, title, description, deletable) VALUES (2, 'Učebna', 'Místnost sloužící k výuce', 1);
INSERT INTO tnpw_eam.dbo.rooms__category (id, title, description, deletable) VALUES (3, 'Technické zázemí', 'Místnost pro technické zázemí', 1);
INSERT INTO tnpw_eam.dbo.rooms__category (id, title, description, deletable) VALUES (4, 'Kancelář', 'Místnost pro administrativní účely', 1);
INSERT INTO tnpw_eam.dbo.rooms__category (id, title, description, deletable) VALUES (5, 'Chodba', 'Chodba propojující další místnosti', 1);
INSERT INTO tnpw_eam.dbo.rooms__category (id, title, description, deletable) VALUES (6, 'Společné prostory', 'Místnost sloužící pro více lidí', 1);
INSERT INTO tnpw_eam.dbo.rooms__room (id, name, purpouse, code, floor, environment_id, category_id) VALUES (4, 'J2', 'kk', 'k', 1, 4, 2);
INSERT INTO tnpw_eam.dbo.rooms__room (id, name, purpouse, code, floor, environment_id, category_id) VALUES (5, 'J3', 'pp', 'oo', 1, 4, 2);
INSERT INTO tnpw_eam.dbo.rooms__room (id, name, purpouse, code, floor, environment_id, category_id) VALUES (1005, 'Interiér', 'Interier skladiště', 'fdsa', 1, 2, 2);
INSERT INTO tnpw_eam.dbo.tickets__category (id, title, description, color_class, deletable, impact) VALUES (2, 'Nekategorizováno', 'Problém není nijak kategorizovan', 'info', 0, 0);
INSERT INTO tnpw_eam.dbo.tickets__category (id, title, description, color_class, deletable, impact) VALUES (3, 'Může počkat', 'O problému se ví, ale není třeba ho řešit v krátkodobém horizontu', 'success', 1, 10);
INSERT INTO tnpw_eam.dbo.tickets__category (id, title, description, color_class, deletable, impact) VALUES (4, 'Je třeba řešitt', 'O problému se ví a je třeba ho řešit v krátkodobém horizontu', 'warning', 1, 20);
INSERT INTO tnpw_eam.dbo.tickets__category (id, title, description, color_class, deletable, impact) VALUES (5, 'Naléhavé', 'Problém je třeba vyřešit ihned!', 'danger', 1, 30);
INSERT INTO tnpw_eam.dbo.tickets__status (id, title, description, deletable, color_class) VALUES (1, 'Řeší se', 'Problém je aktuálně řešen', 0, 'info');
INSERT INTO tnpw_eam.dbo.tickets__status (id, title, description, deletable, color_class) VALUES (2, 'Řešení naplánováno a přiřazeno', 'Řešení problému je přiřazeno pracovníkovi', 0, 'primary');
INSERT INTO tnpw_eam.dbo.tickets__status (id, title, description, deletable, color_class) VALUES (3, 'Pouze zaznamenáno', 'O problému se ví, ale nikdo k němu nebyl přidělen', 0, 'warning');
INSERT INTO tnpw_eam.dbo.tickets__status (id, title, description, deletable, color_class) VALUES (4, 'Vyřešeno', 'Problém byl vyřešen', 0, 'success');
INSERT INTO tnpw_eam.dbo.tickets__status (id, title, description, deletable, color_class) VALUES (5, 'Archivováno', 'Záznam je archivován', 0, 'primary');
INSERT INTO tnpw_eam.dbo.tickets__ticket (id, title, description, equipment_id, author_id, solver_id, assigned_id, status_id, category_id, created, deadline) VALUES (5, 'Nefunguje kohoutek', 'ooo', null, null, null, null, null, null, '2019-03-26 14:45:42.700', null);
INSERT INTO tnpw_eam.dbo.users__role (id, title, description) VALUES (1, 'admin', 'He has all the privililages and he can enter every section of the app');
INSERT INTO tnpw_eam.dbo.users__user (id, name, surname, password, email, role_id, phone, address_id, deletable, profession) VALUES (1, 'Adam', 'Ouhrabka', '930318', 'adam.ouhrabka@gmail.com', 1, '776485123', null, 0, null);
INSERT INTO tnpw_eam.dbo.users__user (id, name, surname, password, email, role_id, phone, address_id, deletable, profession) VALUES (2, 'Tomáš', 'Tremp', '930318', 'tomas.tremp@gmail.com', 1, '775468154', null, 0, 'Správce systému');
INSERT INTO tnpw_eam.dbo.users__user (id, name, surname, password, email, role_id, phone, address_id, deletable, profession) VALUES (3002, 'Alois ', 'Vondraczek', '123', 'alois@email.cz', 1, '123456789', null, 1, null);
INSERT INTO tnpw_eam.dbo.users__user (id, name, surname, password, email, role_id, phone, address_id, deletable, profession) VALUES (3003, 'Patrik', 'Vanický', '123', 'patrik@gmail.com', 1, '4756423', null, 1, null);
INSERT INTO tnpw_eam.dbo.users__user (id, name, surname, password, email, role_id, phone, address_id, deletable, profession) VALUES (3004, 'Romanrrr', 'Patel', '123', 'e@e.com', 1, '4756423', null, 1, null);
INSERT INTO tnpw_eam.dbo.users__user (id, name, surname, password, email, role_id, phone, address_id, deletable, profession) VALUES (3005, 'Pepa', 'Test', '123', 'pepa@pepa.com', 1, '123456789', 2005, 1, null);